user_name,password,firstname,lastname,dob,gender,address,role
ssommer0,"rR0,x/ldZk)6e4pv",Silvan,Sommer,3/15/2023,M,Room 1993,SuperAdmin
ahuey1,gU9)KlynF,Adan,Huey,2/2/2023,F,Room 71,Student
lghio2,lG6(Ns@=p,Lisabeth,Ghio,6/12/2023,F,Apt 465,SuperAdmin
pdesforges3,eK9*#VLlB$mmIk*,Pepillo,Desforges,10/29/2022,M,Apt 330,Student
amuirden4,zP9`{E*Q\Eg/D,Arman,Muirden,10/31/2022,M,9th Floor,SuperAdmin
cdominichelli5,jC5!s~#E||',Cecelia,Dominichelli,9/19/2022,F,PO Box 82057,Student
bdeering6,yS4/(+b=1xFDtj,Betti,Deering,8/8/2022,F,Room 1910,SuperAdmin
tlillico7,kY4'St9Pm,Tammy,Lillico,5/10/2023,M,Apt 1419,Student
pdupre8,yS0_'Sd<@KvK,Prisca,Du Pre,4/5/2023,F,Suite 65,SuperAdmin
ericharz9,bI4?DtT>V1{)%?8,Eydie,Richarz,7/4/2022,F,PO Box 64478,Student
sshortenb,"kB7,fn)xBM*+HZ8",Sonja,Shorten,9/12/2022,F,11th Floor,Student
cblazeyd,xA8'545QgP`%,Christye,Blazey,10/27/2022,F,PO Box 3241,Student
jbeddief,"xQ3/O,MwB|td",Javier,Beddie,2/12/2023,M,PO Box 31626,Student
crittelmeyerh,"kO9<""GvO/6zBS5+",Corbett,Rittelmeyer,8/27/2022,M,Suite 51,Student
gnealonj,"rV0~i3,S2BVzj7c",Gerti,Nealon,8/17/2022,F,4th Floor,Student
wmuzzalll,yS1+8\\m~oO\.,Winifield,Muzzall,2/4/2023,M,PO Box 18684,Student
tnowlandn,bX0@YG.M8gZ0xtJ\,Torie,Nowland,12/25/2022,F,17th Floor,Student
gacoryp,hO8#hgVe,Grata,Acory,1/8/2023,F,PO Box 12141,Student
kdavidsenr,pU4#68/i+y,Kara-lynn,Davidsen,10/3/2022,F,Room 1187,Student
cbrewettt,yF1)4F2f3VTX,Cary,Brewett,10/16/2022,M,Apt 241,Student
bfindlowv,hN0_8$bB,Brose,Findlow,11/27/2022,M,Apt 991,Student
straskex,hG4/`Cru'k!Wix,Steffen,Traske,5/26/2023,M,4th Floor,Student
jfredyz,cW1.to*BF/S3Hk,Jerrie,Fredy,12/18/2022,F,Apt 1817,Student
hashforth11,kC1?9=~f#H%=n,Hortense,Ashforth,6/8/2023,F,Room 365,Student
zredihough13,jD0&`Ho``5OkAF,Zsazsa,Redihough,6/4/2023,F,2nd Floor,Student
mgreschik15,cN2(vQy<olnQN\5`,Mathew,Greschik,11/15/2022,M,Apt 1095,Student
sfosse17,"tU8""p43%f,/Vr8",Shirl,Fosse,8/3/2022,F,Room 1182,Student
vealam19,"qN0,~)>'m2",Vicki,Ealam,11/18/2022,F,Room 1054,Student
wruprechter1b,eM8|0Hl*be4dt>K{,Wilma,Ruprechter,12/1/2022,F,PO Box 55622,Student
sporson1d,"uV9""3bn2,U%).<,,",Sandy,Porson,9/17/2022,F,Room 1133,Student
kmountstephen1f,fF2+XDX.QR,Ker,Mountstephen,1/7/2023,M,Apt 167,Student
yrillstone1h,rH4=p%08=*g',Yolane,Rillstone,1/13/2023,F,16th Floor,Student
jcauston1j,cH5\@loTd,Jude,Causton,3/10/2023,M,Room 174,Student
djumeau1l,tQ8|hGPMUb,Dulcea,Jumeau,12/19/2022,F,Room 276,Student
kyea1n,"mI8#Hc`Wf<""zB8f",Kellsie,Yea,10/1/2022,F,Suite 25,Student
